GEO.id,GEO.id2,GEO.display-label,HD01_VD01,HD02_VD01,HD01_VD02,HD02_VD02,HD01_VD03,HD02_VD03,HD01_VD04,HD02_VD04,HD01_VD05,HD02_VD05,HD01_VD06,HD02_VD06,HD01_VD07,HD02_VD07,HD01_VD08,HD02_VD08,HD01_VD09,HD02_VD09,HD01_VD10,HD02_VD10,HD01_VD11,HD02_VD11,HD01_VD12,HD02_VD12,HD01_VD13,HD02_VD13,HD01_VD14,HD02_VD14,HD01_VD15,HD02_VD15,HD01_VD16,HD02_VD16,HD01_VD17,HD02_VD17
0500000US01003,1003,"Baldwin County, Alabama",8446,581,3536,205,506,302,282,247,2178,502,187,199,0,270,294,329,89,147,4910,568,513,365,758,477,1916,718,1242,640,280,247,201,259,0,270
0500000US01015,1015,"Calhoun County, Alabama",13297,467,5995,466,224,182,478,313,3972,873,870,554,112,142,199,185,140,178,7302,23,456,258,1285,479,3026,894,1337,637,153,173,889,700,156,134
0500000US01051,1051,"Elmore County, Alabama",6189,525,2461,227,207,198,412,363,965,418,574,405,204,327,74,114,25,42,3728,442,223,194,902,568,1748,533,522,307,141,200,192,161,0,270
0500000US01055,1055,"Etowah County, Alabama",8257,527,3258,245,50,83,757,494,1640,480,427,297,61,101,275,227,48,75,4999,454,74,77,599,251,2065,693,909,319,491,281,468,397,393,296
0500000US01069,1069,"Houston County, Alabama",13964,112,5891,112,840,275,784,279,2475,371,1124,286,301,167,190,114,177,154,8073,270,805,168,1575,335,2350,428,2028,542,439,273,655,222,221,117
0500000US01073,1073,"Jefferson County, Alabama",160019,1004,68340,307,4717,1161,11094,1860,23400,2613,17370,2467,3642,1123,6250,1592,1867,655,91679,947,3087,810,12201,1800,28573,2843,24398,2542,7325,1197,11437,1437,4658,1261
0500000US01081,1081,"Lee County, Alabama",16014,111,7072,33,373,192,1579,601,2340,656,1178,480,619,328,630,331,353,196,8942,104,772,263,1253,466,2389,630,1982,496,1300,595,729,346,517,244
0500000US01083,1083,"Limestone County, Alabama",5386,378,2348,313,422,210,300,323,1131,415,249,246,58,103,142,172,46,83,3038,379,272,227,462,344,1176,592,707,406,208,268,0,270,213,202
0500000US01089,1089,"Madison County, Alabama",38734,404,17507,176,399,387,3018,984,3991,941,3393,957,2687,1160,3226,885,793,348,21227,348,1036,352,3011,959,4729,1146,4379,1026,1697,672,3641,960,2734,790
0500000US01097,1097,"Mobile County, Alabama",77684,240,32874,135,2250,788,6221,1473,10958,1906,5873,1314,2855,1342,3186,1287,1531,912,44810,167,2496,661,6768,1447,15839,1895,9718,1935,2984,752,4718,1146,2287,671
0500000US01101,1101,"Montgomery County, Alabama",62978,525,26924,389,2003,841,5583,1384,7933,1465,5950,1424,1299,613,2259,911,1897,759,36054,344,2643,679,6112,1840,11375,1936,5740,1094,2315,680,4145,1110,3724,1158
0500000US01103,1103,"Morgan County, Alabama",7386,526,3581,665,179,186,515,388,1866,796,655,427,74,124,292,330,0,270,3805,605,0,270,504,394,1391,600,662,571,549,488,570,457,129,170
0500000US01117,1117,"Shelby County, Alabama",9156,679,3900,479,134,200,263,285,1507,783,609,397,139,175,917,482,331,299,5256,574,368,525,320,311,723,388,930,644,406,324,2352,559,157,173
0500000US01121,1121,"Talladega County, Alabama",13469,829,5463,756,272,318,1626,544,2911,825,445,364,46,77,76,92,87,115,8006,248,779,346,1794,695,3051,694,1405,670,337,316,439,308,201,203
0500000US01125,1125,"Tuscaloosa County, Alabama",26799,616,10785,616,882,480,2152,641,4028,755,2233,830,691,394,543,398,256,219,16014,270,1159,478,2585,930,5138,1011,3599,907,625,319,1767,642,1141,499
0500000US02020,2020,"Anchorage Municipality, Alaska",9036,877,4476,503,0,233,613,504,1332,614,1577,860,461,440,240,212,253,219,4560,498,183,209,533,517,1186,527,1576,688,540,537,312,308,230,231
0500000US04013,4013,"Maricopa County, Arizona",79361,1789,39889,1126,1515,738,3213,845,10885,1936,12487,1792,3670,1063,5937,1517,2182,741,39472,1070,1710,550,4436,1426,8920,1605,12882,1602,4135,1017,5029,1176,2360,870
0500000US04019,4019,"Pima County, Arizona",16088,644,8605,438,560,432,835,482,1498,582,2729,735,410,288,1659,620,914,387,7483,385,545,429,574,300,1117,480,2141,643,1113,467,951,389,1042,432
0500000US05069,5069,"Jefferson County, Arkansas",21993,443,9427,347,534,334,1255,626,4204,821,1963,588,405,337,577,302,489,303,12566,226,605,224,1604,528,4124,831,3165,914,774,349,1564,542,730,296
0500000US05119,5119,"Pulaski County, Arkansas",68390,525,29642,372,620,300,3220,916,11559,1625,7760,1630,1876,662,3263,1047,1344,632,38748,449,1945,656,3669,1011,12769,1820,10385,1640,3017,1100,4986,1617,1977,561
0500000US06001,6001,"Alameda County, California",117802,2436,49936,1153,2650,950,2999,943,15061,2030,14207,1978,4607,1207,6684,1792,3728,1568,67866,2123,2786,947,6748,1767,16629,2157,18936,2116,7328,1651,9788,1987,5651,1419
0500000US06013,6013,"Contra Costa County, California",55168,1168,24526,699,769,480,1382,560,8024,1515,5455,1289,2831,1256,4106,992,1959,640,30642,793,427,250,2449,884,10456,1696,6700,1192,3672,1143,4134,1123,2804,835
0500000US06019,6019,"Fresno County, California",22431,510,10252,328,533,320,764,455,2070,792,4044,877,954,622,1301,623,586,490,12179,352,619,364,1487,537,3198,945,4038,919,1332,627,915,491,590,419
0500000US06029,6029,"Kern County, California",18848,531,8799,363,679,353,1100,555,2205,712,2077,739,860,397,1399,721,479,410,10049,230,892,391,1657,628,2197,966,2594,856,851,449,1346,657,512,390
0500000US06037,6037,"Los Angeles County, California",533361,3844,232290,2474,11318,2061,25420,3904,63849,4906,57399,4935,20818,3539,39171,3663,14315,2684,301071,2696,11464,1804,30539,3706,77060,4891,87138,4714,29095,3376,42918,3751,22857,3296
0500000US06047,6047,"Merced County, California",4781,639,2438,531,329,307,85,150,677,503,576,429,224,215,547,476,0,293,2343,327,59,102,231,185,521,349,600,320,674,353,157,137,101,145
0500000US06053,6053,"Monterey County, California",6192,377,3303,258,32,52,150,145,1011,388,763,392,340,218,873,501,134,137,2889,294,68,112,506,397,524,330,919,376,164,146,453,279,255,196
0500000US06059,6059,"Orange County, California",27857,2142,15253,1330,381,324,873,486,3069,901,4509,1082,1167,723,3336,937,1918,766,12604,1330,617,375,320,243,2154,796,4017,981,764,448,2906,934,1826,707
0500000US06065,6065,"Riverside County, California",62872,1788,29756,1296,782,587,1851,690,7953,1624,8961,1478,3830,1154,4222,1019,2157,753,33116,1004,607,329,1282,489,7713,1495,11677,1846,4086,1121,4848,1448,2903,782
0500000US06067,6067,"Sacramento County, California",74194,1217,33967,693,958,429,5035,2347,7409,1535,9585,1621,3363,1017,5612,1395,2005,803,40227,893,994,511,4915,1102,11274,2195,13045,2039,5058,1398,3681,952,1260,587
0500000US06071,6071,"San Bernardino County, California",92492,2005,42965,1129,1977,1186,3954,1464,10969,2084,13652,2230,4654,1253,5237,1933,2522,1150,49527,1713,720,400,5435,1483,13181,2323,14463,1894,6899,1854,5821,1571,3008,1073
0500000US06073,6073,"San Diego County, California",77753,1661,38715,1287,1243,817,2246,1007,11510,1927,11833,1909,3672,1233,5249,1205,2962,996,39038,686,838,455,2616,684,10343,1733,12696,1792,3277,787,5974,1227,3294,972
0500000US06075,6075,"San Francisco County, California",32111,777,14920,556,655,438,2254,880,4756,929,3536,854,1317,705,1602,619,800,432,17191,521,1066,445,2329,795,4024,971,4430,899,1670,703,2382,667,1290,519
0500000US06077,6077,"San Joaquin County, California",25337,780,11801,530,146,132,1195,501,3311,930,4168,1088,946,499,1677,852,358,267,13536,489,839,456,1282,647,2076,716,6024,1084,1902,914,836,365,577,328
0500000US06081,6081,"San Mateo County, California",13973,832,6590,377,179,174,769,476,1775,627,1453,575,592,315,792,454,1030,656,7383,692,481,410,664,280,1841,769,1714,668,534,277,835,443,1314,707
0500000US06083,6083,"Santa Barbara County, California",4224,681,2169,424,80,104,87,111,626,359,936,550,244,229,196,154,0,293,2055,393,192,186,0,293,495,354,686,323,282,251,400,366,0,293
0500000US06085,6085,"Santa Clara County, California",26768,1008,13996,563,136,140,774,462,2398,718,4191,1025,1996,924,2986,932,1515,654,12772,785,142,167,829,451,2623,726,3556,923,1510,637,2789,772,1323,543
0500000US06095,6095,"Solano County, California",33245,915,15231,682,676,596,862,489,3387,993,5833,1205,2145,1099,1805,746,523,333,18014,638,267,235,1261,733,4593,1502,6068,1366,3057,1189,1914,617,854,402
0500000US06099,6099,"Stanislaus County, California",7564,851,4239,631,91,150,960,632,1149,671,898,514,498,611,338,311,305,322,3325,723,71,119,458,394,580,444,943,532,700,490,398,473,175,233
0500000US06111,6111,"Ventura County, California",9082,1131,4346,436,499,412,103,121,415,249,1856,629,167,176,818,515,488,305,4736,1024,41,67,826,1010,477,244,1545,564,929,502,541,341,377,275
0500000US08001,8001,"Adams County, Colorado",6264,667,3297,569,0,274,243,235,521,373,1504,750,612,540,117,125,300,297,2967,412,0,274,466,353,726,413,868,509,247,199,518,412,142,172
0500000US08005,8005,"Arapahoe County, Colorado",28778,676,14298,398,0,274,689,466,4800,1305,3557,991,1485,668,2972,1043,795,411,14480,506,60,101,1408,668,3904,895,3706,1232,2225,944,2151,707,1026,525
0500000US08031,8031,"Denver County, Colorado",34241,759,15926,510,367,282,2011,812,5062,995,4753,1111,847,505,1670,778,1216,804,18315,532,404,321,3180,895,3158,966,4097,1235,1137,594,3550,1117,2789,1224
0500000US08041,8041,"El Paso County, Colorado",20171,1279,10141,484,0,274,286,375,1577,657,4648,1194,1262,710,1947,598,421,274,10030,1107,0,274,454,361,2589,1365,3152,1061,2183,1354,841,574,811,379
0500000US09001,9001,"Fairfield County, Connecticut",52708,1315,22651,729,1879,530,3215,1260,8924,1698,3823,1077,1464,770,2457,829,889,510,30057,797,1827,694,3019,801,12739,1871,5619,1192,1538,620,3726,1343,1589,971
0500000US09003,9003,"Hartford County, Connecticut",60481,1422,26561,758,2979,1102,3076,800,12347,1624,3668,983,1260,572,1899,866,1332,613,33920,1092,1916,1026,4887,1517,10986,1822,8031,1518,1920,608,4072,1202,2108,789
0500000US09009,9009,"New Haven County, Connecticut",54908,1270,23241,805,869,533,2708,877,9451,1528,4452,1356,996,420,3628,1244,1137,490,31667,814,732,435,5577,1557,10863,1823,6394,1517,2031,770,3691,1184,2379,1088
0500000US09011,9011,"New London County, Connecticut",7212,517,3416,392,378,382,113,137,1730,669,637,400,127,164,336,258,95,112,3796,355,626,498,470,406,1400,521,420,264,403,317,187,163,290,204
0500000US10001,10001,"Kent County, Delaware",15879,687,6853,606,467,242,1178,501,2664,759,1649,636,66,117,498,334,331,216,9026,231,134,163,733,393,3510,1201,2565,849,324,236,869,490,891,547
0500000US10003,10003,"New Castle County, Delaware",67185,464,29442,194,802,440,4132,1092,10801,1406,6285,1490,1770,893,3213,961,2439,796,37743,391,1117,500,4491,980,14158,1790,8342,1421,2809,936,4102,1019,2724,742
0500000US10005,10005,"Sussex County, Delaware",13455,642,5667,306,477,315,792,401,1954,606,1404,591,158,208,668,429,214,172,7788,479,539,294,1469,564,3104,674,1327,581,225,253,661,445,463,269
0500000US11001,11001,"District of Columbia, District of Columbia",199550,1606,84180,950,6523,1188,13647,1832,26193,2187,15766,1622,3446,1061,9962,1870,8643,1471,115370,942,7073,1560,18335,1897,38431,2671,23357,1940,4924,1112,12959,1951,10291,1401
0500000US12001,12001,"Alachua County, Florida",22634,158,9838,128,297,272,1380,562,5016,817,1474,853,743,531,150,161,778,433,12796,88,876,390,1986,645,4943,1110,2410,673,745,452,1020,621,816,359
0500000US12005,12005,"Bay County, Florida",9737,772,4108,572,235,452,184,215,1229,471,1832,547,524,422,104,189,0,301,5629,454,648,530,1253,682,1275,737,1178,694,942,525,205,238,128,143
0500000US12009,12009,"Brevard County, Florida",27995,724,12675,469,1137,484,2479,892,2745,930,2206,805,1631,861,1387,623,1090,464,15320,447,1211,496,2410,924,4562,1270,3199,1103,1857,831,1612,697,469,284
0500000US12011,12011,"Broward County, Florida",238815,2078,107205,1408,8034,1362,16535,2060,35595,3061,19473,2446,9344,1752,12508,1937,5716,1562,131610,1304,9752,1809,18565,2633,40777,2957,26173,2693,11929,1829,16456,2103,7958,1237
0500000US12015,12015,"Charlotte County, Florida",3752,813,1326,492,45,77,265,260,558,305,265,242,0,301,193,254,0,301,2426,442,173,141,220,284,805,392,546,415,204,189,339,244,139,208
0500000US12019,12019,"Clay County, Florida",7444,549,2854,505,0,301,138,161,1088,610,564,334,364,315,571,433,129,167,4590,270,0,301,106,172,1163,515,1506,746,715,536,874,517,226,203
0500000US12021,12021,"Collier County, Florida",8416,938,4013,711,659,491,1158,650,1095,701,499,407,213,250,149,187,240,282,4403,633,1018,460,1160,589,1323,563,394,384,94,154,0,301,414,385
0500000US12031,12031,"Duval County, Florida",135268,1488,58840,874,2415,831,6162,1498,24900,2592,11853,1760,4892,1413,6749,1901,1869,752,76428,804,2399,689,8667,1715,27416,2440,18032,2073,6772,1377,9155,2040,3987,973
0500000US12033,12033,"Escambia County, Florida",34397,638,14383,459,1340,689,3460,802,5009,879,1609,599,1330,689,801,514,834,410,20014,331,1043,521,2804,699,6253,1200,5191,1117,2315,918,1765,654,643,323
0500000US12055,12055,"Highlands County, Florida",5180,404,2474,317,286,231,422,356,509,398,652,504,0,301,553,550,52,87,2706,280,192,150,377,458,1221,485,511,351,82,144,283,305,40,68
0500000US12057,12057,"Hillsborough County, Florida",97838,2186,44949,1740,3070,1070,6599,1807,17970,2700,6317,1303,2338,1014,6549,1749,2106,817,52889,1009,2143,575,8544,1631,16951,2229,10185,1886,5694,1515,5780,1233,3592,1233
0500000US12061,12061,"Indian River County, Florida",6063,425,2744,337,331,216,537,426,1223,659,129,160,332,434,96,147,96,157,3319,310,509,369,682,415,1234,406,526,348,0,301,130,119,238,286
0500000US12069,12069,"Lake County, Florida",12384,661,5384,463,427,387,738,404,1871,742,1058,510,378,376,529,413,383,339,7000,495,450,331,1135,411,1678,630,2036,744,308,304,1076,617,317,259
0500000US12071,12071,"Lee County, Florida",21086,892,9273,377,865,511,1504,626,3794,991,1501,712,586,513,907,518,116,118,11813,769,724,404,2130,662,3990,1130,2786,919,559,379,973,592,651,526
0500000US12073,12073,"Leon County, Florida",36471,398,15863,141,661,319,1518,799,3563,1048,3107,1286,2387,1424,2996,1144,1631,646,20608,365,690,422,2005,498,4821,1018,6272,1547,1238,654,2845,1133,2737,936
0500000US12081,12081,"Manatee County, Florida",11916,669,5348,238,689,390,758,417,1846,744,1116,571,65,115,577,343,297,272,6568,647,848,491,1548,608,2024,840,1202,571,464,408,321,310,161,186
0500000US12083,12083,"Marion County, Florida",18466,1508,8267,800,353,259,1650,595,2382,657,1875,820,1152,710,477,384,378,312,10199,910,784,393,1477,575,2977,1097,1823,726,1920,883,868,390,350,248
0500000US12086,12086,"Miami-Dade County, Florida",254072,3674,111016,2154,10028,1789,19029,2328,37642,3414,21216,2672,9541,2072,8916,1963,4644,1231,143056,2470,15644,2187,24480,2571,48964,3498,25006,3041,11485,2364,11902,2529,5575,1248
0500000US12091,12091,"Okaloosa County, Florida",8678,914,3942,891,0,301,106,149,1394,786,1478,813,340,329,364,347,260,297,4736,534,316,299,630,561,1247,582,1369,640,918,612,256,302,0,301
0500000US12095,12095,"Orange County, Florida",109625,1686,50146,1220,3365,895,5508,1352,17529,2046,11305,2006,5277,2139,4645,1292,2517,812,59479,729,3567,844,7571,1258,19326,2342,14164,1975,5811,1311,6383,1234,2657,1013
0500000US12097,12097,"Osceola County, Florida",11870,1147,5541,786,369,354,527,486,2222,1054,680,712,595,469,813,613,335,446,6329,632,424,356,816,574,1949,819,606,404,1031,452,1078,783,425,405
0500000US12099,12099,"Palm Beach County, Florida",104296,1194,48245,777,4962,1303,6897,1764,18747,2318,8978,1831,1778,684,5061,1294,1822,799,56051,737,6209,1377,8595,1824,18059,2447,9120,1467,6049,1567,4659,1100,3360,991
0500000US12101,12101,"Pasco County, Florida",7516,1126,3685,707,245,297,119,147,1011,495,733,542,554,308,672,366,351,245,3831,780,352,332,179,137,693,449,523,405,499,374,1095,661,490,469
0500000US12103,12103,"Pinellas County, Florida",51608,1452,21471,643,2222,890,4290,864,7569,1388,3272,840,1207,595,2069,731,842,455,30137,1385,3023,1702,4527,1147,9791,1388,5290,1348,3097,1074,3050,881,1359,567
0500000US12105,12105,"Polk County, Florida",38829,938,17156,571,1454,806,3351,1032,6636,1226,2220,765,1104,856,1789,889,602,433,21673,492,1537,660,3234,1180,8622,1177,2797,879,2700,1662,1375,526,1408,592
0500000US12107,12107,"Putnam County, Florida",7119,756,3199,450,416,416,1428,670,1129,619,226,287,0,301,0,301,0,301,3920,652,205,184,824,395,1928,744,537,500,73,113,305,229,48,84
0500000US12111,12111,"St. Lucie County, Florida",20501,919,9297,628,452,310,3197,1203,3290,983,808,531,697,538,92,158,761,562,11204,585,1125,598,1371,647,3304,1079,1985,807,1214,774,1874,1085,331,394
0500000US12115,12115,"Sarasota County, Florida",8268,579,3261,345,379,274,442,357,627,482,500,417,242,280,748,528,323,207,5007,450,497,315,897,430,1214,530,509,341,943,539,490,437,457,336
0500000US12117,12117,"Seminole County, Florida",22718,1024,10319,556,69,131,1160,673,3376,922,1998,707,739,541,1866,732,1111,638,12399,687,441,300,633,358,3762,1238,3233,938,1342,656,2195,939,793,472
0500000US12127,12127,"Volusia County, Florida",25401,971,11362,405,869,447,1839,692,3032,1018,2831,935,1056,616,1076,511,659,481,14039,896,299,251,2089,912,5749,1355,1798,777,2139,878,1568,602,397,291
0500000US13015,13015,"Bartow County, Georgia",4975,584,2343,441,0,297,500,383,1443,361,309,276,91,163,0,297,0,297,2632,397,197,205,525,398,1071,549,385,262,0,297,287,259,167,253
0500000US13021,13021,"Bibb County, Georgia",42403,525,17725,245,1160,460,2720,878,7732,1583,3699,1021,738,515,1399,974,277,265,24678,448,1884,518,4085,1017,9580,1493,5520,1209,660,336,2249,786,700,360
0500000US13045,13045,"Carroll County, Georgia",9229,846,4352,573,84,104,796,597,1912,613,759,525,265,357,485,416,51,82,4877,530,139,135,1521,697,1573,752,718,377,382,425,491,399,53,100
0500000US13051,13051,"Chatham County, Georgia",52148,785,22039,674,2013,591,3960,1465,8653,1566,4921,1256,522,325,1683,680,287,234,30109,387,1853,710,4087,973,9767,1756,7303,1417,2863,1125,2670,848,1566,515
0500000US13057,13057,"Cherokee County, Georgia",5932,582,2583,543,60,99,154,187,636,456,519,383,351,306,863,476,0,297,3349,220,0,297,70,112,518,328,1401,575,468,369,725,435,167,188
0500000US13059,13059,"Clarke County, Georgia",14159,644,5908,483,444,393,1514,531,2497,806,981,639,134,134,71,89,267,162,8251,373,407,274,2018,563,2681,679,1387,613,412,324,796,454,550,323
0500000US13063,13063,"Clayton County, Georgia",94073,1224,42307,894,478,474,2947,974,16488,2684,12458,2223,3155,1121,5482,1632,1299,718,51766,601,518,406,2846,899,17230,2645,15002,2251,3694,1051,10328,2018,2148,977
0500000US13067,13067,"Cobb County, Georgia",82728,2300,36263,1245,430,317,2018,562,7150,1472,8769,1776,3309,1162,10294,1688,4293,1182,46465,1216,749,510,2551,1001,9939,2063,10629,2133,4648,1441,12093,1954,5856,1659
0500000US13073,13073,"Columbia County, Georgia",9584,462,4409,533,0,297,349,255,1255,709,1100,592,333,380,812,479,560,407,5175,516,27,53,356,311,920,488,1125,444,598,454,1442,511,707,375
0500000US13077,13077,"Coweta County, Georgia",10934,715,5181,596,76,116,1082,486,1979,855,281,259,455,487,1023,737,285,400,5753,384,0,297,816,419,2634,814,1075,536,434,385,452,328,342,363
0500000US13089,13089,"DeKalb County, Georgia",219339,2225,96227,1615,2376,707,10147,2209,31613,3574,22081,3323,9877,1981,15364,3172,4769,1136,123112,930,3728,1032,12377,2033,34094,3317,29832,2942,11291,2347,19260,2786,12530,2888
0500000US13095,13095,"Dougherty County, Georgia",31176,883,13160,461,656,335,2170,700,4242,980,3524,896,991,586,1172,513,405,366,18016,510,1980,634,3047,1039,4711,1256,4098,966,894,485,2499,775,787,425
0500000US13097,13097,"Douglas County, Georgia",21193,385,9771,215,285,255,657,338,3625,1011,2892,1048,753,510,1099,512,460,269,11422,252,345,297,938,543,2592,842,3639,931,600,359,2114,667,1194,494
0500000US13113,13113,"Fayette County, Georgia",10104,949,4197,727,0,297,215,200,1229,634,997,658,164,170,1333,573,259,266,5907,621,107,136,72,120,1087,568,1106,561,727,560,2106,636,702,365
0500000US13115,13115,"Floyd County, Georgia",6844,528,2666,517,313,236,676,402,1413,414,197,197,0,297,0,297,67,117,4178,503,593,511,1460,639,1242,651,733,492,0,297,100,180,50,87
0500000US13121,13121,"Fulton County, Georgia",226208,1209,98034,746,5794,2543,13504,2650,30715,4128,19960,2541,5252,1342,15924,2998,6885,1920,128174,889,5008,1195,22034,3575,36886,4068,28230,3050,5531,1448,18321,3071,12164,2502
0500000US13127,13127,"Glynn County, Georgia",9133,750,4134,654,380,346,574,430,2164,771,650,425,94,158,272,235,0,297,4999,396,316,255,969,512,1812,738,933,526,130,222,355,396,484,469
0500000US13135,13135,"Gwinnett County, Georgia",79907,2082,37195,1151,846,602,2829,1709,10972,2064,7538,1815,4208,1429,8036,1763,2766,867,42712,1029,1272,884,2123,754,11134,2339,10625,1707,4460,1135,9317,1586,3781,1030
0500000US13151,13151,"Henry County, Georgia",26270,506,12243,297,293,294,854,786,2869,830,2809,824,1029,498,3178,902,1211,654,14027,390,330,205,814,470,1977,755,4188,858,1610,547,3329,862,1779,660
0500000US13153,13153,"Houston County, Georgia",19512,515,9150,511,299,275,1165,747,3321,1063,2017,865,833,444,930,652,585,540,10362,69,1064,441,1170,618,2226,878,3047,769,916,627,1224,566,715,533
0500000US13185,13185,"Lowndes County, Georgia",16282,361,6887,247,942,439,1893,504,2276,555,1092,561,82,113,253,221,349,353,9395,210,703,321,2274,718,2338,720,2305,964,551,369,1088,517,136,125
0500000US13215,13215,"Muscogee County, Georgia",46806,411,20059,123,738,339,2976,852,6956,1198,4619,1143,1407,709,2522,926,841,614,26747,385,1607,502,4218,1039,8390,1293,6468,1169,1887,791,2051,774,2126,711
0500000US13217,13217,"Newton County, Georgia",15807,1242,7348,899,292,285,229,234,3012,913,2494,1638,360,311,686,442,275,336,8459,793,772,478,1133,863,3383,883,1181,604,955,622,809,478,226,261
0500000US13223,13223,"Paulding County, Georgia",9234,1035,4202,510,0,297,766,669,739,530,953,869,917,857,537,490,290,371,5032,934,0,297,377,331,863,640,1100,693,1018,673,1088,763,586,485
0500000US13245,13245,"Richmond County, Georgia",56090,647,23959,373,1163,526,4477,1313,8746,1177,5499,1215,1660,647,1704,698,710,469,32131,452,1555,518,4451,1138,11821,1644,8183,1409,2023,635,2432,797,1666,599
0500000US13247,13247,"Rockdale County, Georgia",15462,783,7448,656,149,201,954,641,1678,714,2080,784,520,493,1464,772,603,411,8014,276,185,198,118,128,2296,666,1442,621,801,361,2408,862,764,477
0500000US15003,15003,"Honolulu County, Hawaii",12529,686,7679,441,100,165,311,357,2214,794,2668,915,988,611,1280,786,118,200,4850,594,0,264,0,264,563,437,893,583,797,642,1636,799,961,736
0500000US17019,17019,"Champaign County, Illinois",8946,666,3954,453,49,81,520,322,1010,503,883,474,263,202,741,377,488,351,4992,433,104,119,424,379,1555,697,1314,507,355,220,636,280,604,393
0500000US17031,17031,"Cook County, Illinois",789895,2244,330222,1307,19957,3109,45663,3931,104140,5570,78990,5061,24077,3670,38016,4118,19379,2594,459673,1590,20641,2440,63952,4403,121517,6437,124899,5978,41349,4042,57021,4368,30294,3809
0500000US17043,17043,"DuPage County, Illinois",21723,890,10585,726,51,86,600,471,3554,1181,2437,951,787,506,1705,604,1451,702,11138,465,403,365,866,635,1373,609,3608,1051,927,483,2173,924,1788,686
0500000US17089,17089,"Kane County, Illinois",13100,946,6295,492,208,242,705,510,2945,1001,1002,504,472,419,634,328,329,375,6805,746,163,133,1127,547,1390,697,1127,451,1544,814,1210,712,244,213
0500000US17091,17091,"Kankakee County, Illinois",8812,523,3892,386,345,217,702,317,830,325,1103,481,317,200,554,304,41,56,4920,316,273,168,873,376,1440,458,1264,527,678,396,315,181,77,130
0500000US17097,17097,"Lake County, Illinois",23919,317,11138,127,582,319,924,563,3748,862,3180,935,788,443,1253,589,663,428,12781,252,488,388,1821,561,3109,885,4100,846,1319,724,1668,641,276,310
0500000US17113,17113,"McLean County, Illinois",4546,598,2003,371,31,52,105,162,314,414,648,407,346,334,429,300,130,136,2543,432,0,266,223,201,75,104,528,356,781,587,866,436,70,85
0500000US17115,17115,"Macon County, Illinois",8434,396,3706,289,62,106,997,392,1254,535,611,315,436,300,292,302,54,90,4728,251,267,194,1093,528,1610,522,1222,450,189,168,39,77,308,238
0500000US17119,17119,"Madison County, Illinois",10712,456,4549,456,81,135,1238,512,1363,507,997,488,188,223,516,428,166,188,6163,266,134,173,859,535,1681,633,2504,827,431,308,451,303,103,135
0500000US17143,17143,"Peoria County, Illinois",14694,540,6276,522,417,260,1191,427,2065,654,2081,679,166,202,119,150,237,229,8418,100,539,314,888,448,2697,714,2513,778,656,383,707,423,418,246
0500000US17161,17161,"Rock Island County, Illinois",5155,407,2150,279,734,352,109,132,824,347,164,153,78,131,241,259,0,266,3005,609,746,378,378,304,556,419,588,388,493,386,44,96,200,299
0500000US17163,17163,"St. Clair County, Illinois",41183,379,17100,285,2076,1061,1779,559,4696,974,4731,1223,1599,821,1538,667,681,489,24083,246,1425,699,3933,893,6698,1504,6856,1754,2638,1132,1619,616,914,387
0500000US17167,17167,"Sangamon County, Illinois",10030,720,4643,561,173,205,577,421,1373,676,1791,667,63,109,486,355,180,193,5387,469,234,230,738,422,2346,610,1259,651,403,277,243,204,164,134
0500000US17197,17197,"Will County, Illinois",36557,651,16791,572,259,327,1191,483,3811,1057,5490,1268,1339,555,1699,754,3002,1201,19766,225,302,274,2122,872,3679,1011,5141,1060,1219,513,3698,982,3605,1443
0500000US17201,17201,"Winnebago County, Illinois",16294,261,7190,139,328,276,810,416,3492,763,1235,508,358,402,704,448,263,357,9104,223,569,364,1921,640,2882,662,2613,659,333,254,663,325,123,146
0500000US18003,18003,"Allen County, Indiana",21299,391,9600,265,193,200,1035,542,3676,888,1955,769,1348,636,937,596,456,344,11699,224,562,381,1947,583,3573,1078,3030,831,1413,951,677,439,497,248
0500000US18019,18019,"Clark County, Indiana",4918,476,2377,334,35,57,419,356,1411,455,191,185,150,150,105,137,66,110,2541,427,0,264,0,264,981,543,220,205,635,478,530,521,175,188
0500000US18089,18089,"Lake County, Indiana",73593,1006,30756,426,1128,520,4291,1075,11849,1764,7416,1454,2371,909,2357,970,1344,1033,42837,791,1233,510,6637,1277,13053,1789,12941,1977,3590,1242,3024,1020,2359,791
0500000US18091,18091,"LaPorte County, Indiana",5173,404,2240,284,136,174,414,301,887,406,556,360,187,223,60,114,0,264,2933,331,0,264,644,343,1285,508,491,340,176,186,337,294,0,264
0500000US18095,18095,"Madison County, Indiana",6394,354,2685,328,42,91,673,342,1373,495,450,286,0,264,40,69,107,130,3709,141,295,262,576,335,775,430,1608,580,162,181,221,221,72,122
0500000US18097,18097,"Marion County, Indiana",123240,1277,53970,987,2744,705,7835,1560,19270,2464,12669,1982,3299,977,5972,1354,2181,669,69270,819,1748,578,10132,1682,19770,2020,20680,2252,5982,1543,7900,1356,3058,1249
0500000US18141,18141,"St. Joseph County, Indiana",16883,1698,7420,791,378,256,681,394,3732,933,1362,566,722,438,330,257,215,206,9463,1019,386,300,1081,472,3890,1192,2393,775,708,443,519,299,486,347
0500000US18163,18163,"Vanderburgh County, Indiana",7696,544,3525,301,294,204,332,228,1518,454,668,273,209,175,376,270,128,125,4171,459,411,255,994,486,1148,458,1081,501,421,301,116,105,0,264
0500000US19013,19013,"Black Hawk County, Iowa",5354,590,2254,554,122,129,237,240,506,445,801,547,386,219,202,187,0,221,3100,394,111,141,580,362,659,320,731,373,722,446,183,181,114,139
0500000US19153,19153,"Polk County, Iowa",11312,742,5741,405,121,145,400,271,1398,526,2322,643,312,275,830,466,358,308,5571,532,73,123,881,324,1735,552,1643,809,278,273,454,343,507,391
0500000US19163,19163,"Scott County, Iowa",5368,465,2503,309,142,185,446,246,888,417,674,360,239,179,114,137,0,221,2865,339,99,98,466,298,332,273,825,443,862,478,174,166,107,150
0500000US20091,20091,"Johnson County, Kansas",10725,660,5361,556,153,185,141,164,538,405,1562,657,415,342,1453,618,1099,660,5364,582,57,95,214,185,1171,531,1604,589,794,460,906,569,618,291
0500000US20173,20173,"Sedgwick County, Kansas",23173,639,10347,518,171,286,870,424,3987,690,1744,545,1814,728,1353,544,408,312,12826,328,0,240,1939,635,5528,1015,2955,881,701,339,1164,535,539,347
0500000US20177,20177,"Shawnee County, Kansas",8501,570,4219,476,151,121,350,266,2149,590,454,248,273,316,778,581,64,114,4282,322,0,240,1078,576,1687,585,796,461,352,263,304,227,65,103
0500000US20209,20209,"Wyandotte County, Kansas",24586,315,10180,221,449,388,1648,680,3209,896,3383,880,591,414,621,431,279,223,14406,199,352,339,1659,662,5936,1251,2446,690,1567,657,1668,730,778,393
0500000US21047,21047,"Christian County, Kentucky",8242,613,3392,396,288,262,246,162,1176,436,1132,567,388,371,162,202,0,270,4850,318,280,196,545,416,1886,552,863,392,832,448,316,206,128,148
0500000US21067,21067,"Fayette County, Kentucky",20261,1004,9013,696,405,295,1240,418,3145,912,1719,699,902,519,1145,493,457,309,11248,598,606,462,2282,653,2482,666,2839,765,1197,530,1304,745,538,321
0500000US21093,21093,"Hardin County, Kentucky",6203,605,3386,318,234,366,175,198,521,410,1550,841,578,399,219,226,109,141,2817,397,0,270,206,195,612,381,1340,541,123,144,372,278,164,187
0500000US21111,21111,"Jefferson County, Kentucky",80043,1373,34570,710,1091,437,4790,992,11968,1532,9366,1321,2364,888,3289,854,1702,693,45473,815,1015,360,9052,1684,12477,1753,13041,1536,4152,1178,3756,1154,1980,615
0500000US21227,21227,"Warren County, Kentucky",4096,765,2060,462,109,134,84,94,859,354,328,227,497,360,71,121,112,145,2036,433,171,151,314,240,856,349,240,222,74,88,212,207,169,175
0500000US22005,22005,"Ascension Parish, Louisiana",9684,1053,4052,600,745,478,405,278,1596,703,525,358,164,193,617,357,0,278,5632,587,547,366,1444,943,2634,794,458,293,404,269,145,193,0,278
0500000US22015,22015,"Bossier Parish, Louisiana",12090,495,5411,495,597,490,644,504,1871,653,778,402,545,407,723,377,253,243,6679,278,365,213,1062,446,2470,519,1929,649,294,228,261,269,298,290
0500000US22017,22017,"Caddo Parish, Louisiana",65026,200,27839,119,3110,923,4842,1087,12331,1581,4176,1059,285,266,2553,1186,542,321,37187,117,1941,580,6815,1478,13477,1763,7676,1575,2017,759,3670,1206,1591,983
0500000US22019,22019,"Calcasieu Parish, Louisiana",24135,711,10501,541,1703,719,2454,934,3327,894,1278,683,667,548,775,428,297,312,13634,468,1185,418,2935,868,3722,1038,3416,817,827,479,616,356,933,481
0500000US22033,22033,"East Baton Rouge Parish, Louisiana",94406,966,40832,695,2616,737,9674,1681,13522,1769,9022,1905,1402,649,2997,833,1599,682,53574,510,3239,900,8371,1556,14662,2007,13821,1683,2380,845,6347,1325,4754,1357
0500000US22045,22045,"Iberia Parish, Louisiana",12178,709,5154,517,1037,688,1133,591,1773,590,459,472,142,289,410,562,200,236,7024,476,636,352,1451,674,3232,926,930,447,401,430,232,230,142,172
0500000US22051,22051,"Jefferson Parish, Louisiana",65757,583,29363,252,2964,1324,4893,1403,10168,2290,6554,1751,864,439,3045,1139,875,428,36394,481,1486,678,4847,1250,12900,2386,9035,2110,1808,789,4801,1937,1517,753
0500000US22055,22055,"Lafayette Parish, Louisiana",26366,271,11732,163,1342,472,2426,765,4023,900,1649,711,377,306,1141,520,774,515,14634,172,1471,507,2380,763,4975,928,2594,732,1300,686,1036,548,878,477
0500000US22057,22057,"Lafourche Parish, Louisiana",6039,530,2667,323,511,383,631,393,702,358,752,536,0,278,71,130,0,278,3372,461,805,446,624,415,1122,441,595,350,0,278,226,314,0,278
0500000US22071,22071,"Orleans Parish, Louisiana",170788,1226,70402,634,6114,1980,13525,2651,24942,3412,13251,2356,894,457,9100,3226,2576,867,100386,890,4945,1621,16857,2532,31300,3681,24639,2812,3599,1451,12979,2379,6067,1417
0500000US22073,22073,"Ouachita Parish, Louisiana",25867,151,10871,84,769,488,2120,651,3368,805,3133,858,352,292,791,508,338,463,14996,130,1188,463,2892,867,5538,976,2065,649,1001,601,1394,665,918,737
0500000US22079,22079,"Rapides Parish, Louisiana",20951,184,8893,172,437,232,2329,804,3448,790,1416,530,703,460,335,242,225,230,12058,83,1009,470,2453,743,3630,736,3222,826,803,536,770,397,171,132
0500000US22097,22097,"St. Landry Parish, Louisiana",20800,654,9063,581,2318,742,1419,647,3227,804,1711,833,56,97,91,145,241,367,11737,243,2170,641,1707,602,4850,873,1672,689,444,366,504,284,390,283
0500000US22103,22103,"St. Tammany Parish, Louisiana",13697,1069,6473,776,603,534,1139,737,1336,774,1596,712,860,1100,556,485,383,427,7224,630,88,138,996,633,2004,816,2111,633,450,486,1507,755,68,103
0500000US22105,22105,"Tangipahoa Parish, Louisiana",14940,820,6844,651,587,426,1679,843,3132,882,1194,705,0,278,114,154,138,139,8096,453,968,493,1951,584,2418,780,1258,584,393,232,446,340,662,414
0500000US22109,22109,"Terrebonne Parish, Louisiana",10071,687,4513,483,677,513,1380,700,1157,559,1004,1009,0,278,263,222,32,65,5558,469,316,273,1246,641,2920,894,398,280,34,70,180,205,464,344
0500000US24003,24003,"Anne Arundel County, Maryland",41074,949,18391,453,426,302,1500,614,5695,1029,4864,1078,1344,757,2672,875,1890,741,22683,660,678,364,1898,807,6556,1126,4334,1047,2102,754,4347,1066,2768,856
0500000US24005,24005,"Baltimore County, Maryland",110020,743,47913,350,1709,670,3550,1065,16732,2419,10775,1923,3314,1170,8341,1882,3492,846,62107,663,1349,546,4446,1291,16344,2211,17904,2343,5018,1339,10133,1768,6913,1367
0500000US24009,24009,"Calvert County, Maryland",7531,410,3235,377,227,211,630,363,1376,433,341,321,160,243,501,418,0,282,4296,163,193,181,228,211,2022,664,609,392,98,167,598,590,548,519
0500000US24017,24017,"Charles County, Maryland",27590,973,12450,940,615,283,990,690,3848,984,3058,871,1602,899,1278,602,1059,517,15140,304,286,281,1299,825,4962,1240,4085,1187,936,532,1490,616,2082,757
0500000US24021,24021,"Frederick County, Maryland",9202,992,4565,823,182,339,438,330,2694,945,489,267,118,191,431,326,213,194,4637,417,235,236,161,204,1359,540,1018,536,238,187,851,461,775,522
0500000US24025,24025,"Harford County, Maryland",14428,886,6574,276,195,178,493,348,2051,684,1895,672,345,235,709,325,886,477,7854,751,92,144,818,517,2585,828,1733,513,1155,488,542,467,929,407
0500000US24027,24027,"Howard County, Maryland",24793,741,11285,207,0,282,508,509,2069,813,2124,849,335,262,3192,924,3057,884,13508,673,83,127,421,419,1956,679,3922,930,818,556,3429,1012,2879,881
0500000US24031,24031,"Montgomery County, Maryland",90131,1149,38804,708,241,203,2139,914,5985,1398,8333,1574,1989,735,10777,1916,9340,1748,51327,664,2024,783,3947,2158,10641,1914,9934,1712,4834,1363,12327,1961,7620,1498
0500000US24033,24033,"Prince George's County, Maryland",336496,1761,148172,945,4143,989,14480,2230,47665,3398,35106,3494,8831,1793,23654,2836,14293,2319,188324,1288,3894,1032,15840,2371,48206,3928,50587,3489,14749,2318,33454,2863,21594,2625
0500000US24037,24037,"St. Mary's County, Maryland",7846,536,3320,379,634,394,329,306,1280,479,576,499,74,127,341,344,86,152,4526,375,152,172,563,369,2058,811,1321,680,142,170,186,227,104,178
0500000US24045,24045,"Wicomico County, Maryland",12306,556,5493,568,412,349,453,433,2781,802,631,419,144,185,450,489,622,549,6813,88,443,330,403,256,3576,785,872,482,225,183,535,462,759,448
0500000US24510,24510,"Baltimore city, Maryland",239504,919,98562,607,6582,1238,24738,3726,36015,3311,17896,2274,3430,1017,6653,1368,3248,1001,140942,590,9977,1494,25790,2707,50604,3300,31558,3078,6891,1817,10926,2201,5196,1048
0500000US25005,25005,"Bristol County, Massachusetts",9811,1269,4941,871,270,255,485,482,2336,1183,688,475,446,447,599,459,117,142,4870,640,222,180,616,668,895,530,1617,718,691,499,294,222,535,371
0500000US25009,25009,"Essex County, Massachusetts",12653,1278,6538,703,211,250,532,348,2214,1064,1866,653,818,630,567,516,330,279,6115,1110,855,875,663,354,1183,523,1779,752,484,287,367,323,784,599
0500000US25013,25013,"Hampden County, Massachusetts",21108,996,8920,725,357,184,1775,767,3025,808,1595,598,468,355,940,434,760,381,12188,589,718,314,2294,699,4063,862,2658,744,266,200,1697,679,492,369
0500000US25017,25017,"Middlesex County, Massachusetts",33496,668,16005,489,827,516,1499,809,3976,1224,3117,846,1161,570,3370,979,2055,730,17491,365,793,457,1211,678,5157,1222,2606,898,1606,712,3571,1098,2547,827
0500000US25021,25021,"Norfolk County, Massachusetts",17979,1048,9037,717,222,380,1011,662,2158,897,1986,940,380,505,983,538,2297,1031,8942,555,173,158,295,276,2041,691,2163,922,1113,640,1729,775,1428,650
0500000US25023,25023,"Plymouth County, Massachusetts",18463,1135,8861,539,262,245,775,422,2474,789,2100,745,1694,668,920,493,636,377,9602,896,399,286,690,411,3634,918,1730,641,1184,703,1552,835,413,307
0500000US25025,25025,"Suffolk County, Massachusetts",79503,4466,33384,2247,2253,887,3596,1260,13855,2173,6378,1439,3353,1150,2119,601,1830,652,46119,2426,3345,971,5904,1317,14768,1900,11044,2080,3433,980,4855,1078,2770,872
0500000US25027,25027,"Worcester County, Massachusetts",14447,1322,7115,361,461,320,816,744,2868,1124,1019,446,406,302,1405,839,140,175,7332,1167,335,294,588,614,3014,1260,1191,607,847,520,1081,708,276,251
0500000US26021,26021,"Berrien County, Michigan",11735,609,4820,355,253,205,646,372,2063,432,715,323,222,180,384,231,537,249,6915,446,306,257,1669,580,2693,774,1348,554,157,144,408,269,334,212
0500000US26025,26025,"Calhoun County, Michigan",8873,600,3948,339,36,62,535,314,1696,609,883,397,359,402,267,261,172,175,4925,483,246,218,490,284,1973,619,1060,561,580,317,482,289,94,111
0500000US26049,26049,"Genesee County, Michigan",48397,802,20658,388,1249,458,3437,1208,8523,1316,3653,879,1323,616,1484,721,989,435,27739,562,1194,436,4235,1328,8441,1236,7694,1323,2511,590,2631,840,1033,487
0500000US26065,26065,"Ingham County, Michigan",14949,369,6869,144,506,364,904,612,1850,707,1806,729,517,432,675,505,611,355,8080,320,642,375,629,346,2713,757,1960,693,543,372,1278,471,315,187
0500000US26075,26075,"Jackson County, Michigan",4904,658,2095,284,0,238,67,90,928,417,667,365,252,303,127,179,54,89,2809,482,153,190,495,342,562,361,721,389,374,340,194,143,310,301
0500000US26077,26077,"Kalamazoo County, Michigan",10190,593,4379,324,183,156,297,183,1945,702,1261,572,330,303,276,267,87,110,5811,441,261,237,911,346,2479,804,1224,501,78,128,265,220,593,439
0500000US26081,26081,"Kent County, Michigan",27567,480,12137,376,320,297,1463,711,3956,977,3434,1096,806,434,1755,733,403,331,15430,310,1324,705,1708,738,5077,1273,4203,1001,1104,526,1128,458,886,371
0500000US26099,26099,"Macomb County, Michigan",26050,877,12190,639,322,243,1195,557,4798,1162,3020,983,696,310,1017,456,1142,843,13860,547,297,272,1152,434,3693,890,4400,871,1752,633,1635,671,931,551
0500000US26121,26121,"Muskegon County, Michigan",12215,542,5632,407,232,199,1015,489,2535,616,1036,552,453,319,254,281,107,124,6583,347,222,196,1020,427,2439,555,2034,439,275,223,494,368,99,123
0500000US26125,26125,"Oakland County, Michigan",87759,612,38751,444,1090,559,4279,1721,10309,1764,9294,1044,2610,979,7259,1873,3910,976,49008,385,929,418,3322,940,9269,1615,13632,2026,4937,1097,10139,1684,6780,1230
0500000US26145,26145,"Saginaw County, Michigan",20425,709,8549,706,664,501,1837,686,3721,743,1472,567,403,277,245,178,207,192,11876,193,234,221,2546,739,5058,791,2084,612,891,357,357,325,706,400
0500000US26161,26161,"Washtenaw County, Michigan",20128,746,9432,413,263,255,1586,773,2471,1171,2136,737,235,169,1992,839,749,513,10696,563,288,269,754,407,2333,753,2980,869,1205,614,1117,446,2019,765
0500000US26163,26163,"Wayne County, Michigan",482449,2349,205730,1019,8978,1785,36476,3974,76770,4799,50674,3763,10573,1842,14438,2297,7821,1558,276719,1912,9931,2238,44631,3625,88690,5779,78923,4248,22038,2987,19707,2386,12799,1572
0500000US27037,27037,"Dakota County, Minnesota",6560,483,3398,451,0,209,444,505,610,488,732,503,656,520,379,302,577,361,3162,386,276,262,127,158,559,463,1076,568,64,102,650,452,410,286
0500000US27053,27053,"Hennepin County, Minnesota",59064,983,29258,679,1484,600,2226,789,7105,1517,7305,1452,2793,1036,4936,1360,3409,1244,29806,723,3125,960,5417,1651,8801,1766,6138,1239,2179,740,2664,901,1482,699
0500000US27123,27123,"Ramsey County, Minnesota",22258,723,10422,381,884,420,957,574,3610,771,2409,729,1194,547,793,429,575,313,11836,505,771,389,1118,518,3488,976,3251,844,1118,575,1412,583,678,425
0500000US28033,28033,"DeSoto County, Mississippi",13365,860,6135,803,497,345,226,247,2837,870,1269,599,769,418,477,404,60,102,7230,357,845,533,735,385,2267,748,1398,656,555,308,1141,487,289,250
0500000US28035,28035,"Forrest County, Mississippi",13610,691,5976,677,675,384,1046,584,2811,894,769,431,88,147,587,433,0,288,7634,151,549,355,1143,673,2571,740,1460,580,526,417,1067,592,318,301
0500000US28047,28047,"Harrison County, Mississippi",24302,901,11046,846,512,540,842,567,4660,1256,1863,779,1447,768,852,507,870,581,13256,312,418,269,2336,777,4542,1288,3435,1111,1402,760,684,392,439,328
0500000US28049,28049,"Hinds County, Mississippi",88644,1164,39352,359,2064,655,8147,1598,11286,1741,9033,1797,3973,1197,2919,1065,1930,779,49292,1064,3485,862,6962,1197,10923,1291,12129,1438,3725,865,8001,1554,4067,862
0500000US28059,28059,"Jackson County, Mississippi",17231,760,7999,708,445,304,1143,454,3512,959,1538,613,600,782,761,447,0,288,9232,202,404,251,1472,604,3534,736,1481,549,1057,698,1245,561,39,71
0500000US28067,28067,"Jones County, Mississippi",9894,1265,4157,711,313,320,1419,867,1184,669,899,504,217,233,125,105,0,288,5737,890,543,367,1640,612,2088,662,697,338,421,389,221,190,127,150
0500000US28075,28075,"Lauderdale County, Mississippi",16210,976,6412,482,893,355,1509,497,2073,514,1435,454,404,247,0,288,98,150,9798,737,1118,464,2584,832,2391,720,2016,647,921,619,426,387,342,300
0500000US28081,28081,"Lee County, Mississippi",12148,929,5200,549,624,423,473,313,2697,823,285,214,372,376,684,491,65,88,6948,738,227,136,1092,621,2525,921,1938,780,219,190,650,352,297,193
0500000US28089,28089,"Madison County, Mississippi",17066,457,7614,124,671,499,1165,543,2648,771,1299,617,485,374,1094,522,252,275,9452,427,667,410,1053,476,2233,662,1907,777,675,492,1742,659,1175,525
0500000US28121,28121,"Rankin County, Mississippi",12209,1216,5428,613,444,339,595,633,2111,1161,929,664,347,455,726,637,276,269,6781,955,305,262,1015,691,1979,797,1698,1017,497,408,1127,677,160,188
0500000US29019,29019,"Boone County, Missouri",6373,625,2973,486,181,155,234,225,1001,424,770,482,188,216,466,398,133,171,3400,393,142,136,554,412,1133,445,740,399,74,120,469,335,288,232
0500000US29095,29095,"Jackson County, Missouri",87274,876,36330,691,1626,564,5659,1096,13850,1820,6557,1543,2371,865,4544,1438,1723,679,50944,401,1478,505,8254,1729,17878,2015,13869,1688,2646,737,4235,1050,2584,691
0500000US29183,29183,"St. Charles County, Missouri",6262,435,3578,278,313,353,254,218,1228,609,679,476,200,288,598,438,306,246,2684,348,0,256,119,147,506,332,891,529,393,359,472,364,303,345
0500000US29189,29189,"St. Louis County, Missouri",125400,806,52840,249,1198,455,6147,1474,18244,2113,14877,2457,3175,1197,5475,1431,3724,1430,72560,711,1421,505,7689,1577,22760,2558,20611,2548,5551,1488,8710,1836,5818,1365
0500000US29510,29510,"St. Louis city, Missouri",97969,762,40456,403,3537,866,8934,1650,13082,1692,8137,1429,2491,1077,2696,1008,1579,622,57513,519,2960,851,12118,1447,18287,2142,12939,2028,2769,900,5703,1447,2737,766
0500000US31055,31055,"Douglas County, Nebraska",30026,580,13334,333,991,477,1788,779,4366,952,3217,808,1400,636,1301,510,271,182,16692,505,929,411,2172,624,5728,978,4088,960,933,428,2012,612,830,474
0500000US32003,32003,"Clark County, Nevada",92859,1427,44233,834,1251,683,5210,1254,15011,1834,11797,2121,3134,928,5310,1299,2520,1141,48626,1009,1518,734,4833,1091,16173,2019,15489,1898,4121,1029,4034,850,2458,630
0500000US32031,32031,"Washoe County, Nevada",4442,617,2243,287,59,96,450,290,320,230,827,465,94,113,192,142,301,275,2199,525,353,351,40,82,1031,447,93,148,567,390,83,113,32,63
0500000US34001,34001,"Atlantic County, New Jersey",23461,1031,10067,608,651,504,1396,592,4483,885,1832,639,71,119,1058,602,576,522,13394,763,424,419,2347,796,4804,1163,2740,818,541,345,1962,826,576,370
0500000US34003,34003,"Bergen County, New Jersey",31642,973,13826,646,256,318,959,485,4246,1314,2226,1008,1082,812,3061,1065,1996,975,17816,489,871,534,1532,668,5160,1304,2331,880,1488,753,3352,1097,3082,867
0500000US34005,34005,"Burlington County, New Jersey",40515,1056,18358,838,254,199,1725,858,5222,1102,5162,1078,1634,765,3310,907,1051,626,22157,621,567,287,1634,502,6749,1294,4883,1097,2086,792,4720,1399,1518,614
0500000US34007,34007,"Camden County, New Jersey",53426,978,22578,506,556,365,2019,581,8500,1176,5631,1169,913,432,4005,896,954,421,30848,633,765,398,5351,1076,10287,1631,5646,1199,3710,1206,3671,939,1418,620
0500000US34011,34011,"Cumberland County, New Jersey",12630,1618,5896,903,352,163,1153,475,2978,806,956,515,254,380,0,278,203,178,6734,848,492,246,1293,526,2977,908,1165,587,531,479,74,59,202,216
0500000US34013,34013,"Essex County, New Jersey",188908,1854,79496,1054,5898,1829,10190,1859,28849,2696,14297,1975,5643,1654,10791,2423,3828,1183,109412,1240,5044,1463,16180,2371,38120,2905,21947,2477,8412,1743,13266,1863,6443,1679
0500000US34015,34015,"Gloucester County, New Jersey",16575,1023,6831,583,148,161,634,373,2433,799,1586,898,529,436,1232,551,269,252,9744,726,298,272,892,555,3888,976,1258,562,660,359,2276,768,472,342
0500000US34017,34017,"Hudson County, New Jersey",47511,2022,20042,1096,1194,645,2397,814,6282,1357,3149,882,946,562,5021,1094,1053,556,27469,1300,1924,792,3835,961,8060,1462,5832,1359,1515,594,4676,1104,1627,714
0500000US34021,34021,"Mercer County, New Jersey",39265,1095,16872,615,635,321,3521,1187,6093,1244,3109,890,876,500,1794,746,844,430,22393,702,1123,454,4474,1524,8335,1418,4130,1244,1361,570,1934,579,1036,481
0500000US34023,34023,"Middlesex County, New Jersey",42091,751,19128,295,714,442,671,413,4164,1318,5680,1401,1818,821,3643,1052,2438,848,22963,673,507,263,1805,789,5808,1257,5744,1275,1801,678,4639,1056,2659,925
0500000US34025,34025,"Monmouth County, New Jersey",27002,935,11882,465,480,290,1754,796,4095,1066,2789,853,495,284,1397,598,872,487,15120,692,596,337,1676,717,5726,1026,3668,1112,705,386,1730,631,1019,872
0500000US34027,34027,"Morris County, New Jersey",8775,637,3865,643,0,278,167,189,812,480,517,433,177,220,1107,800,1085,692,4910,507,230,263,294,274,1233,534,906,465,496,442,1388,506,363,304
0500000US34029,34029,"Ocean County, New Jersey",10077,776,4723,511,0,278,909,623,1920,731,848,573,118,130,782,480,146,157,5354,590,334,339,898,521,1448,734,913,399,885,465,713,525,163,178
0500000US34031,34031,"Passaic County, New Jersey",33766,863,13945,406,946,415,2486,726,5230,1156,1911,708,752,511,2299,1326,321,253,19821,677,1186,520,4710,1098,7593,1193,2630,711,1321,889,1861,734,520,340
0500000US34033,34033,"Salem County, New Jersey",5246,408,2131,243,128,131,536,308,1157,289,113,110,76,128,89,128,32,57,3115,223,194,167,865,277,870,363,627,244,180,131,294,338,85,135
0500000US34035,34035,"Somerset County, New Jersey",16678,1356,7745,1130,203,230,883,644,2702,983,1135,660,460,309,1685,647,677,310,8933,451,268,268,561,325,2675,720,1687,597,663,402,2237,700,842,470
0500000US34039,34039,"Union County, New Jersey",68889,1401,29728,995,916,544,2500,764,10858,1936,5634,1538,1713,1091,6361,1974,1746,707,39161,733,2107,1245,4559,1211,11161,1771,9309,1544,2820,1168,6128,1448,3077,949
0500000US35001,35001,"Bernalillo County, New Mexico",9794,705,5105,564,99,167,346,310,2229,907,1032,666,361,330,413,400,625,444,4689,404,0,282,388,249,1587,586,1444,526,700,442,267,217,303,266
0500000US36001,36001,"Albany County, New York",18196,734,8521,285,941,424,410,288,2985,836,1802,651,1116,697,742,401,525,372,9675,636,342,274,1715,652,2973,863,2315,1082,928,494,684,384,718,405
0500000US36005,36005,"Bronx County, New York",250470,3498,103324,1987,8732,1682,17423,2099,36808,2736,17321,1926,7140,1439,11039,1655,4861,1078,147146,2182,10567,1783,27090,2240,47212,2720,25171,2652,12056,1685,16606,2080,8444,1671
0500000US36007,36007,"Broome County, New York",4212,471,2260,289,129,163,253,254,590,316,313,268,130,204,555,387,290,347,1952,359,50,85,805,681,547,415,291,279,43,71,216,214,0,274
0500000US36027,36027,"Dutchess County, New York",13933,963,6486,537,118,152,1297,626,2546,593,1157,541,187,212,556,404,625,396,7447,702,44,79,926,453,2423,819,1911,607,736,388,694,429,713,413
0500000US36029,36029,"Erie County, New York",69092,805,29049,499,2818,1245,3787,1215,11038,1571,5725,1237,1425,479,2797,1104,1459,679,40043,573,2519,1264,6671,1456,10444,1424,11026,2132,4764,1454,3145,1041,1474,536
0500000US36047,36047,"Kings County, New York",536964,4513,215955,2545,14088,1928,30928,3646,80616,4830,34099,3997,18394,3084,25290,3139,12540,2313,321009,2929,19799,2543,41114,3808,113458,5756,54298,3929,29226,3765,43252,4212,19862,2356
0500000US36055,36055,"Monroe County, New York",54754,922,22887,811,1862,865,3750,1016,8144,1300,4021,1145,2063,846,2061,923,986,502,31867,367,1455,614,7326,1598,10108,1538,6394,1081,3351,1166,1523,629,1710,637
0500000US36059,36059,"Nassau County, New York",87252,1396,38264,984,1484,620,3029,1042,11437,2023,8720,1945,3918,1232,5710,1318,3966,1004,48988,826,1708,721,3439,936,14100,2270,8508,1607,5267,1122,9896,1835,6070,1391
0500000US36061,36061,"New York County, New York",153522,3874,64989,2331,5139,1573,7676,1728,19159,2464,14182,2239,2652,1127,11298,2166,4883,1222,88533,2520,6772,1556,12228,1629,24119,2903,15950,2471,4946,1194,14810,2515,9708,1865
0500000US36063,36063,"Niagara County, New York",6593,676,3205,680,108,197,176,175,1731,544,668,460,303,354,146,202,73,128,3388,788,421,384,350,345,1076,573,583,487,420,319,190,208,348,407
0500000US36065,36065,"Oneida County, New York",4429,520,2057,456,25,42,514,307,581,383,644,306,89,123,149,160,55,100,2372,174,427,273,599,408,551,342,439,348,278,302,78,108,0,274
0500000US36067,36067,"Onondaga County, New York",21752,651,9042,477,611,390,1835,553,3088,748,1593,657,962,430,646,444,307,222,12710,448,546,289,1789,455,4501,809,2476,728,1396,645,1135,519,867,464
0500000US36071,36071,"Orange County, New York",18491,1015,8896,796,261,191,773,377,3992,1045,1140,435,439,304,1926,856,365,283,9595,524,594,383,1034,456,3176,743,2064,585,1043,523,1156,449,528,307
0500000US36081,36081,"Queens County, New York",279466,3393,117404,1886,5814,1343,13540,2614,40576,3581,24072,3435,9227,1777,16873,3216,7302,1388,162062,2328,9684,2054,19830,2803,51099,3984,31086,3134,12828,1881,24822,3255,12713,2387
0500000US36085,36085,"Richmond County, New York",25154,1429,10656,1246,265,379,1097,617,3645,1451,2034,1276,962,600,1018,653,1635,1135,14498,561,803,615,2180,1014,3337,1316,2579,807,1805,941,2500,1047,1294,636
0500000US36087,36087,"Rockland County, New York",18393,748,8196,446,219,233,363,366,2814,847,2083,670,1082,487,1190,513,445,297,10197,458,487,299,979,453,2432,767,2273,762,1615,675,1458,619,953,517
0500000US36093,36093,"Schenectady County, New York",6148,788,2760,451,46,69,163,124,1253,432,460,269,77,131,332,347,429,333,3388,548,105,117,183,125,785,392,1292,424,108,134,844,345,71,118
0500000US36103,36103,"Suffolk County, New York",58328,1669,26258,989,1603,700,2795,801,9503,1903,4435,1103,2307,1490,3948,1373,1667,935,32070,1052,1151,575,2393,679,10402,2085,6669,1500,4458,1554,3565,873,3432,1016
0500000US36119,36119,"Westchester County, New York",77790,1506,31452,966,1231,453,3337,946,8646,1596,8752,1743,2030,679,4149,1238,3307,1435,46338,780,1751,678,5647,1504,11338,1527,9676,1475,4674,1206,7721,1773,5531,1328
0500000US37001,37001,"Alamance County, North Carolina",16262,859,6939,418,818,275,1174,513,2941,868,841,516,558,440,607,555,0,284,9323,673,732,373,1885,863,2492,708,2602,645,876,531,564,298,172,180
0500000US37019,37019,"Brunswick County, North Carolina",4684,947,2036,645,205,173,178,205,619,415,751,435,123,156,125,131,35,51,2648,569,258,141,139,123,999,402,580,331,353,355,107,119,212,293
0500000US37021,37021,"Buncombe County, North Carolina",9718,531,4300,388,135,172,382,521,2080,637,851,522,322,313,530,379,0,284,5418,392,277,294,435,222,2759,625,948,434,127,202,804,381,68,112
0500000US37025,37025,"Cabarrus County, North Carolina",12526,667,5094,534,0,284,923,427,1562,631,1259,591,185,161,750,490,415,314,7432,381,222,227,563,383,2105,759,2085,824,434,491,1183,669,840,664
0500000US37035,37035,"Catawba County, North Carolina",8004,525,3480,432,320,299,543,462,1921,623,550,400,66,115,35,62,45,83,4524,311,173,127,1279,631,1849,919,959,757,94,164,143,159,27,45
0500000US37045,37045,"Cleveland County, North Carolina",12128,452,4981,292,380,251,699,361,2564,487,694,394,349,264,101,111,194,218,7147,361,887,454,1153,498,3238,857,1171,515,200,155,498,358,0,284
0500000US37049,37049,"Craven County, North Carolina",11547,671,4828,322,434,286,835,370,2199,574,632,437,138,185,347,256,243,177,6719,587,301,249,1023,490,2617,768,1605,793,535,347,389,275,249,209
0500000US37051,37051,"Cumberland County, North Carolina",57753,1267,25428,929,595,321,1878,578,9053,1526,7092,1513,3147,840,2670,918,993,429,32325,824,2360,722,4671,1307,8553,1518,7768,1599,2824,1011,4162,1030,1987,760
0500000US37063,37063,"Durham County, North Carolina",52854,653,22275,471,999,464,2581,810,6078,1196,3560,967,1580,668,4610,1066,2867,778,30579,302,1621,566,2685,841,7166,1418,7073,1402,3196,1077,5928,1062,2910,710
0500000US37067,37067,"Forsyth County, North Carolina",48490,392,20802,253,477,300,2176,583,8926,1289,4220,1238,1145,610,2471,780,1387,723,27688,389,919,412,3015,960,7454,1334,8148,1365,2192,805,3955,1112,2005,698
0500000US37071,37071,"Gaston County, North Carolina",16755,634,7365,634,428,353,640,401,2474,914,1826,991,704,448,780,644,513,565,9390,284,689,415,1717,651,3154,771,1328,629,910,495,1055,645,537,477
0500000US37081,37081,"Guilford County, North Carolina",77768,901,34319,684,2081,928,4705,1422,11081,1996,8056,1611,2512,905,4349,950,1535,682,43449,502,2101,1232,7073,1919,11156,1625,10612,1531,3867,1076,6209,1112,2431,645
0500000US37085,37085,"Harnett County, North Carolina",12592,664,5589,587,373,238,940,539,1744,708,1666,570,279,236,238,271,349,333,7003,246,413,182,1242,485,2306,675,2196,603,214,133,174,134,458,407
0500000US37097,37097,"Iredell County, North Carolina",10621,543,4755,408,78,130,584,419,2969,669,581,343,208,313,200,231,135,205,5866,340,603,421,777,458,2492,622,1273,486,290,233,431,374,0,284
0500000US37101,37101,"Johnston County, North Carolina",13429,822,6054,568,526,354,753,667,2043,767,1848,943,127,156,428,406,329,376,7375,433,606,336,552,304,2226,766,1427,706,666,426,1362,671,536,435
0500000US37119,37119,"Mecklenburg County, North Carolina",136133,1333,58640,1210,2310,789,6125,1918,19594,2737,12682,1961,7447,2102,7752,1744,2730,977,77493,555,2729,1047,8691,1974,22955,2807,17588,2305,7887,1854,12828,2124,4815,1207
0500000US37125,37125,"Moore County, North Carolina",7773,654,3848,197,346,240,137,169,2271,684,430,306,259,299,354,282,51,84,3925,629,262,186,536,407,1019,592,1334,586,223,207,451,452,100,171
0500000US37127,37127,"Nash County, North Carolina",20340,529,9255,497,1413,476,1265,614,3766,795,1341,643,477,477,876,524,117,147,11085,126,1136,432,2771,728,3068,855,1533,567,1376,513,820,427,381,306
0500000US37129,37129,"New Hanover County, North Carolina",16921,840,7515,555,247,171,1349,478,2940,961,751,384,801,441,974,598,453,514,9406,650,506,302,1348,527,2274,665,2089,849,1557,652,1138,537,494,449
0500000US37133,37133,"Onslow County, North Carolina",11371,612,5262,279,55,65,740,387,1372,430,1954,569,873,434,232,186,36,61,6109,508,465,351,642,292,2074,692,1663,481,853,370,242,218,170,191
0500000US37135,37135,"Orange County, North Carolina",8924,839,4016,487,385,343,566,427,1489,581,168,155,481,536,789,391,138,188,4908,643,190,201,371,362,1971,784,1377,575,115,142,577,303,307,212
0500000US37147,37147,"Pitt County, North Carolina",26290,781,11181,725,1225,566,2010,757,4243,978,2155,759,839,473,509,350,200,166,15109,420,1021,487,3087,836,4963,1013,3280,815,1127,528,932,382,699,443
0500000US37155,37155,"Robeson County, North Carolina",16931,459,7345,459,992,455,1884,731,2936,886,863,396,88,146,234,209,348,275,9586,284,515,256,1706,516,3769,698,2128,705,699,449,571,348,198,167
0500000US37157,37157,"Rockingham County, North Carolina",11099,947,4942,529,486,264,1539,635,2263,724,577,360,0,284,77,96,0,284,6157,524,526,390,1219,552,2326,659,1259,590,342,237,451,327,34,62
0500000US37159,37159,"Rowan County, North Carolina",10855,708,4681,426,241,223,1376,763,1965,730,494,356,127,162,436,366,42,75,6174,551,236,219,669,386,2584,894,1000,603,424,332,1077,403,184,146
0500000US37179,37179,"Union County, North Carolina",10910,811,4613,321,511,468,1341,606,1455,604,520,339,177,273,402,364,207,206,6297,668,413,349,1238,605,1373,533,2095,783,221,207,366,306,591,317
0500000US37183,37183,"Wake County, North Carolina",86368,1552,39163,652,1799,799,3208,1090,12048,2258,8675,1767,2308,1301,8904,1646,2221,738,47205,1265,2233,762,4443,1231,12024,2109,11069,1882,3534,1028,10298,1633,3604,927
0500000US37191,37191,"Wayne County, North Carolina",21441,236,9021,284,632,278,997,315,3631,584,1886,472,818,383,689,368,368,302,12420,236,705,346,1676,456,4164,737,2907,734,1292,457,1351,531,325,220
0500000US37195,37195,"Wilson County, North Carolina",16838,669,7072,454,1022,464,1258,483,3045,618,756,385,160,200,680,417,151,181,9766,512,1117,390,2148,730,3208,786,1721,552,888,492,273,228,411,289
0500000US39003,39003,"Allen County, Ohio",5820,736,2638,584,195,183,397,243,1118,452,510,388,102,131,189,182,127,132,3182,374,52,92,726,302,1333,510,719,364,48,85,195,254,109,131
0500000US39017,39017,"Butler County, Ohio",12602,993,5687,657,239,194,717,345,1767,635,1178,596,602,401,1028,636,156,184,6915,620,391,247,190,158,3050,927,1095,611,473,297,812,537,904,567
0500000US39023,39023,"Clark County, Ohio",7448,355,3489,241,113,187,377,283,1570,539,941,463,283,224,152,123,53,87,3959,226,57,98,610,313,2081,424,563,268,101,120,485,349,62,99
0500000US39035,39035,"Cuyahoga County, Ohio",225778,959,94191,777,3447,994,18034,2992,37474,3049,19635,2524,4975,1230,7116,1268,3510,974,131587,581,4173,957,27171,3002,40756,2756,33588,3215,9586,1566,9682,1505,6631,1428
0500000US39049,39049,"Franklin County, Ohio",120191,1522,53838,1179,1917,823,7123,1362,19763,1953,13007,1944,2692,851,6197,1153,3139,869,66353,956,3161,888,7850,1194,23534,2133,16186,1996,4822,1292,7479,1238,3321,754
0500000US39057,39057,"Greene County, Ohio",3736,523,1937,363,0,262,159,171,136,119,918,435,36,65,267,210,421,221,1799,389,0,262,58,93,245,254,397,284,73,99,715,360,311,247
0500000US39061,39061,"Hamilton County, Ohio",111144,1799,47023,560,2640,773,8969,1942,17863,2132,9407,1997,2563,906,3444,962,2137,1089,64121,1639,3161,958,11071,1938,22886,2724,14224,2092,4439,1058,5509,1324,2831,835
0500000US39093,39093,"Lorain County, Ohio",12836,686,5727,535,125,194,1145,438,2472,621,1224,673,86,103,503,326,172,191,7109,469,366,381,711,464,2860,880,1884,725,681,457,406,298,201,188
0500000US39095,39095,"Lucas County, Ohio",43703,648,18815,387,998,421,3870,951,6632,1279,3591,989,1235,645,1726,990,763,442,24888,481,661,338,5959,1149,8811,1480,4398,982,1896,842,2076,826,1087,478
0500000US39099,39099,"Mahoning County, Ohio",21197,644,8515,626,427,252,1977,665,3544,781,1413,529,388,418,659,452,107,124,12682,225,468,447,3273,824,4734,1082,2492,896,821,461,614,424,280,277
0500000US39113,39113,"Montgomery County, Ohio",65100,697,28172,319,1455,593,5256,1300,9581,1562,6297,1270,1431,587,3127,1004,1025,489,36928,590,2016,739,5283,1096,11046,1492,10150,1426,2846,739,3251,923,2336,661
0500000US39139,39139,"Richland County, Ohio",5178,324,2309,194,238,223,987,347,814,352,172,149,58,99,40,69,0,262,2869,189,144,143,499,351,1199,460,487,312,390,323,150,249,0,262
0500000US39151,39151,"Stark County, Ohio",14782,685,6677,378,144,163,992,467,3259,817,1400,593,327,273,357,259,198,231,8105,508,97,116,1362,564,2940,855,2338,725,590,398,608,319,170,204
0500000US39153,39153,"Summit County, Ohio",43157,687,19009,626,637,337,3792,1040,6834,1115,3821,931,1111,569,1642,761,1172,592,24148,355,1105,494,2915,897,7956,1443,5470,1207,2252,760,2971,916,1479,518
0500000US39155,39155,"Trumbull County, Ohio",9146,363,3940,212,102,172,145,131,2871,369,381,260,69,117,326,286,46,79,5206,395,129,161,746,489,2315,555,967,541,421,304,372,243,256,211
0500000US40031,40031,"Comanche County, Oklahoma",10297,655,5093,488,0,247,273,370,2161,788,1227,525,877,538,350,253,205,175,5204,348,194,206,596,338,1212,462,1977,607,519,398,578,356,128,130
0500000US40109,40109,"Oklahoma County, Oklahoma",56109,1863,24108,1759,728,450,4236,1289,6031,1351,7814,1447,1464,694,3153,953,682,334,32001,828,509,336,5326,1603,8841,1555,9209,1513,2364,927,3985,1147,1767,613
0500000US40143,40143,"Tulsa County, Oklahoma",32762,1086,14324,592,417,225,1704,630,4668,841,3604,894,931,536,2136,822,864,503,18438,884,381,289,2791,1144,5162,1085,3982,1061,2669,1079,2718,1009,735,553
0500000US41051,41051,"Multnomah County, Oregon",21584,929,10226,662,107,149,1784,679,3479,850,1972,789,823,417,1344,675,717,380,11358,604,561,338,1365,516,3142,818,3551,848,972,637,1040,401,727,416
0500000US42003,42003,"Allegheny County, Pennsylvania",87606,1302,35355,818,1366,659,5018,1251,10397,1774,9141,1884,3028,793,4441,1321,1964,807,52251,753,1557,591,6777,1334,15994,1780,13700,1888,5873,1290,5576,1213,2774,761
0500000US42007,42007,"Beaver County, Pennsylvania",5729,590,2474,125,0,242,541,319,1286,380,260,181,53,57,334,275,0,242,3255,581,171,218,129,138,1908,536,412,295,310,276,227,304,98,100
0500000US42011,42011,"Berks County, Pennsylvania",9311,1391,4969,969,263,243,803,658,2193,773,1038,422,184,192,449,366,39,64,4342,630,259,230,832,524,1582,406,468,264,746,495,252,254,203,166
0500000US42017,42017,"Bucks County, Pennsylvania",12989,913,6732,349,0,242,260,219,4289,1062,628,386,185,184,944,620,426,402,6257,815,136,226,221,238,3109,1113,499,371,835,631,953,551,504,323
0500000US42029,42029,"Chester County, Pennsylvania",15360,973,7020,480,318,287,1166,962,2727,867,1533,581,337,294,448,270,491,426,8340,841,120,147,1214,512,2950,690,1821,931,597,427,824,489,814,370
0500000US42043,42043,"Dauphin County, Pennsylvania",24415,517,10884,354,785,430,1531,895,4512,1140,2044,552,540,334,1306,671,166,164,13531,369,417,260,2358,853,5740,1082,2930,1037,717,410,614,469,755,482
0500000US42045,42045,"Delaware County, Pennsylvania",54797,901,23732,401,1042,675,3981,1173,9688,1748,3715,924,1920,810,2118,838,1268,611,31065,634,1434,536,4059,1497,11022,1491,6939,1639,2782,964,2668,725,2161,671
0500000US42049,42049,"Erie County, Pennsylvania",7702,887,3643,564,129,134,577,396,1972,739,497,431,150,198,307,279,11,17,4059,523,96,111,193,233,2340,635,662,453,405,369,339,373,24,43
0500000US42071,42071,"Lancaster County, Pennsylvania",9026,682,4745,489,148,181,740,557,1084,493,1231,630,643,485,775,408,124,128,4281,603,182,241,1120,563,1372,527,1077,376,99,116,342,296,89,109
0500000US42077,42077,"Lehigh County, Pennsylvania",7762,797,3817,711,0,242,483,270,1402,768,920,432,602,457,286,216,124,135,3945,546,621,512,314,278,1282,500,1192,496,86,136,363,312,87,145
0500000US42089,42089,"Monroe County, Pennsylvania",10083,1127,5624,613,0,242,90,160,3040,929,1095,624,805,608,213,210,381,481,4459,1117,0,242,45,86,1722,1425,1304,519,386,340,417,299,585,377
0500000US42091,42091,"Montgomery County, Pennsylvania",37235,690,16671,359,126,212,1033,548,5535,1094,3052,902,1309,717,3351,816,2265,815,20564,610,525,334,1903,698,6130,1392,4866,1259,790,594,3533,901,2817,886
0500000US42095,42095,"Northampton County, Pennsylvania",5503,593,2591,407,163,122,238,238,1157,479,474,346,177,176,196,148,186,185,2912,434,169,171,131,124,1691,445,406,326,80,136,309,293,126,138
0500000US42101,42101,"Philadelphia County, Pennsylvania",374195,3109,151007,1816,9369,1998,29308,3867,55749,3674,27816,3075,8414,2447,13377,1948,6974,2091,223188,1846,10647,2227,40121,4034,85069,4519,42796,4185,14976,2826,18163,2429,11416,2361
0500000US42133,42133,"York County, Pennsylvania",8508,541,3906,294,0,242,563,391,1913,686,849,612,195,216,386,323,0,242,4602,434,57,101,340,279,2533,761,1021,603,158,174,381,325,112,152
0500000US44007,44007,"Providence County, Rhode Island",26177,1307,11600,730,624,403,1790,856,3729,831,1407,535,1670,636,1796,659,584,333,14577,965,1235,740,2623,992,3476,983,3461,1004,870,519,1755,703,1157,626
0500000US45003,45003,"Aiken County, South Carolina",22157,597,9380,578,736,464,1739,558,3036,919,1766,651,1318,862,457,308,328,243,12777,141,910,422,2920,972,3862,891,1799,686,1594,962,1327,606,365,260
0500000US45007,45007,"Anderson County, South Carolina",17229,389,7393,383,453,406,1834,610,3362,745,1044,488,345,288,155,169,200,207,9836,99,1117,639,1886,769,3528,921,2183,843,717,587,349,307,56,94
0500000US45013,45013,"Beaufort County, South Carolina",16846,687,7482,563,742,384,775,439,2744,876,2093,775,299,403,331,283,498,436,9364,359,910,496,875,650,4591,971,1836,707,342,277,335,337,475,308
0500000US45015,45015,"Berkeley County, South Carolina",23190,883,10239,737,270,221,1042,571,5132,1023,2272,953,425,302,888,548,210,242,12951,308,804,552,1555,658,4583,1249,3791,1042,665,500,733,390,820,570
0500000US45019,45019,"Charleston County, South Carolina",60895,394,25669,77,1859,626,3772,934,10303,1377,3770,973,1971,882,2216,1028,1778,1176,35226,364,2778,602,4652,1260,12404,1942,8448,1406,2910,1030,3289,931,745,398
0500000US45031,45031,"Darlington County, South Carolina",15986,906,6635,587,362,265,1055,476,3604,828,1076,548,60,87,239,255,239,289,9351,381,1151,451,1309,532,4420,816,1226,467,462,393,717,463,66,118
0500000US45035,45035,"Dorchester County, South Carolina",14908,525,6428,453,363,261,858,417,2207,677,1492,640,409,280,763,486,336,326,8480,297,507,314,1002,480,3454,839,1815,655,343,277,719,424,640,365
0500000US45041,45041,"Florence County, South Carolina",29679,763,12557,383,1154,424,1757,641,6195,968,1381,524,798,496,392,344,880,558,17122,512,1412,571,2943,783,6490,879,3211,690,1087,480,1365,584,614,368
0500000US45045,45045,"Greenville County, South Carolina",45012,429,19750,237,1794,750,4240,1545,7868,1722,2934,1003,953,535,1899,823,62,99,25262,229,1941,684,4280,974,8909,1475,5998,1282,1118,691,2252,856,764,478
0500000US45047,45047,"Greenwood County, South Carolina",11797,747,5022,571,447,259,847,554,1520,548,1067,478,175,172,966,521,0,286,6775,459,503,366,1060,495,2032,626,1729,693,413,379,779,385,259,332
0500000US45051,45051,"Horry County, South Carolina",19471,641,8464,641,148,191,1272,467,4279,955,1996,769,304,341,396,332,69,113,11007,286,1132,722,1916,687,3997,1040,1165,496,1233,739,1208,605,356,279
0500000US45059,45059,"Laurens County, South Carolina",10445,476,4224,282,564,309,1000,467,1898,604,301,264,80,137,204,226,177,151,6221,402,711,292,836,363,2392,863,792,536,500,468,693,432,297,223
0500000US45063,45063,"Lexington County, South Carolina",18419,473,8318,97,414,237,1424,659,3401,892,990,593,651,468,916,446,522,384,10101,466,276,240,1901,936,3252,850,2124,796,917,498,964,458,667,378
0500000US45075,45075,"Orangeburg County, South Carolina",32188,441,13820,161,1095,354,2745,738,5757,949,1742,588,1518,584,416,315,547,380,18368,398,1952,615,2426,806,6728,917,3597,963,578,406,2046,776,1041,453
0500000US45077,45077,"Pickens County, South Carolina",4393,577,2053,526,36,67,324,281,752,364,368,310,45,72,375,287,153,195,2340,527,180,226,132,134,1148,458,376,272,80,143,373,343,51,88
0500000US45079,45079,"Richland County, South Carolina",84378,754,36268,457,1632,736,5560,1634,9050,1708,8877,1704,3190,1004,6081,1588,1878,727,48110,562,2385,871,4347,1186,15159,2208,10567,1682,4011,1221,7330,1434,4311,1112
0500000US45083,45083,"Spartanburg County, South Carolina",31917,380,13776,159,1598,703,2138,692,6415,998,2445,948,609,326,466,374,105,135,18141,375,1103,428,4100,831,6188,1309,3968,1118,1512,818,824,410,446,328
0500000US45085,45085,"Sumter County, South Carolina",28572,278,12442,230,1847,622,2459,763,4299,771,1918,722,820,469,905,517,194,168,16130,140,2194,601,2310,720,4945,999,3023,921,944,494,1200,501,1514,623
0500000US45091,45091,"York County, South Carolina",20603,457,9097,270,950,422,1719,601,3160,777,1319,514,445,352,1090,659,414,330,11506,208,1234,552,2527,683,3311,759,1804,585,1065,516,948,584,617,434
0500000US47037,47037,"Davidson County, Tennessee",88204,581,38276,351,2050,620,4694,1171,13822,1870,8308,1404,2160,789,5380,1379,1862,667,49928,287,1674,574,7504,1735,15814,1848,13437,1940,3298,1076,5205,1367,2996,853
0500000US47065,47065,"Hamilton County, Tennessee",37070,525,15566,325,757,340,2030,762,7952,1109,1798,716,1241,581,1585,734,203,202,21504,220,1323,508,3437,1141,7311,1448,5742,1191,1195,550,1835,600,661,394
0500000US47093,47093,"Knox County, Tennessee",19853,588,8835,133,442,281,684,377,3074,823,1697,538,853,552,1448,527,637,405,11018,535,515,342,1400,596,3599,1222,3107,933,647,430,1141,570,609,389
0500000US47113,47113,"Madison County, Tennessee",18237,81,7861,282,482,231,1909,737,3145,751,1225,552,469,330,107,113,524,379,10376,81,244,224,2505,649,2652,715,2800,597,621,368,1084,540,470,301
0500000US47119,47119,"Maury County, Tennessee",7196,469,3072,256,54,89,927,427,1422,500,365,264,48,77,71,122,185,185,4124,347,479,508,661,421,1234,689,583,444,629,647,262,283,276,247
0500000US47125,47125,"Montgomery County, Tennessee",16157,477,7636,188,86,119,527,359,3032,775,2395,646,501,256,941,359,154,149,8521,441,212,209,980,433,2124,608,3110,834,1140,576,522,354,433,325
0500000US47149,47149,"Rutherford County, Tennessee",12247,515,5505,315,199,229,203,211,2550,775,911,627,79,130,1131,607,432,308,6742,473,403,261,674,385,2460,823,1155,392,333,361,953,555,764,399
0500000US47157,47157,"Shelby County, Tennessee",260953,900,112307,622,8366,1966,14968,2059,44999,3650,21461,2710,8080,2309,9657,1955,4776,1353,148646,558,6592,1247,21963,2951,46541,4355,36666,3510,11607,2195,15914,2324,9363,2115
0500000US48005,48005,"Angelina County, Texas",7024,609,2758,497,170,164,997,494,751,352,456,272,216,253,168,176,0,288,4266,349,213,188,505,362,1596,557,991,499,341,313,349,260,271,305
0500000US48027,48027,"Bell County, Texas",26895,415,13213,177,344,480,636,367,3043,1094,4945,1020,2903,845,1071,526,271,251,13682,365,41,48,878,591,3423,712,3958,858,2433,959,2426,780,523,399
0500000US48029,48029,"Bexar County, Texas",59781,1133,27212,903,980,474,2349,934,7839,1792,8320,1872,3015,854,2609,1082,2100,1036,32569,741,1846,977,4165,1393,7830,1483,9095,1324,2886,921,4341,1385,2406,725
0500000US48037,48037,"Bowie County, Texas",11312,987,4813,684,813,573,308,249,2000,658,738,494,95,162,677,413,182,214,6499,536,100,103,710,391,2420,707,2013,546,633,439,209,160,414,281
0500000US48039,48039,"Brazoria County, Texas",13150,744,5908,473,106,130,972,655,1041,617,1816,695,464,407,768,402,741,423,7242,698,378,247,339,218,1960,741,1654,710,503,389,1617,717,791,391
0500000US48041,48041,"Brazos County, Texas",7180,589,2971,486,219,220,314,233,1353,602,505,443,62,112,257,311,261,241,4209,315,62,107,1058,528,1474,457,1172,387,0,288,265,248,178,172
0500000US48085,48085,"Collin County, Texas",27669,1373,13003,1165,151,188,572,601,1417,793,4496,1448,1804,1088,3240,1157,1323,686,14666,987,42,61,511,392,2153,965,4910,1313,1626,912,3604,1094,1820,937
0500000US48113,48113,"Dallas County, Texas",270879,2062,116142,1334,4400,1106,13932,2100,45259,3768,27372,3194,5973,1431,13120,1989,6086,1360,154737,1304,4414,989,19200,3071,46740,3604,42932,3900,12290,2958,19709,2646,9452,1789
0500000US48121,48121,"Denton County, Texas",21303,441,10179,369,95,160,70,112,2583,745,2588,778,1316,583,2858,871,669,439,11124,274,34,57,468,402,3106,669,3473,923,1151,609,1629,640,1263,565
0500000US48139,48139,"Ellis County, Texas",6463,741,2679,320,88,110,780,525,806,397,655,440,128,164,179,181,43,71,3784,657,62,93,651,312,2109,824,533,476,0,288,429,389,0,288
0500000US48141,48141,"El Paso County, Texas",11015,820,5906,579,333,274,423,355,1104,438,1735,612,1036,552,877,374,398,283,5109,498,510,416,742,431,1254,632,1610,764,251,193,742,446,0,288
0500000US48157,48157,"Fort Bend County, Texas",55022,571,25330,255,88,128,1551,651,7433,1462,5731,1383,1792,694,6772,1458,1963,747,29692,428,326,212,2906,1138,6901,1234,7137,1453,2620,802,7243,1228,2559,660
0500000US48167,48167,"Galveston County, Texas",23189,311,9788,168,318,209,1339,495,3218,718,2658,781,547,365,1221,663,487,262,13401,221,363,256,1246,446,4019,885,4080,1016,2033,747,857,372,803,421
0500000US48183,48183,"Gregg County, Texas",13232,550,5742,340,280,235,1733,877,1644,625,801,671,632,585,263,228,389,358,7490,410,378,281,1290,477,2579,915,2538,970,10,17,258,223,437,396
0500000US48187,48187,"Guadalupe County, Texas",3355,284,1475,300,0,288,92,128,376,247,380,327,130,175,305,253,192,157,1880,275,0,288,216,181,589,255,434,306,154,155,127,123,360,322
0500000US48201,48201,"Harris County, Texas",380391,1874,164986,1133,7262,1495,22443,2980,56143,4236,39665,3247,9457,1791,20698,2295,9318,1475,215405,1179,9273,1799,25480,2476,65219,3957,60448,4650,11605,1829,28206,3304,15174,1863
0500000US48245,48245,"Jefferson County, Texas",46409,519,20094,325,1702,486,3170,1269,8784,1810,3872,1772,811,501,1180,795,575,460,26315,358,1940,520,3642,950,9575,1325,6994,1346,1215,651,1741,605,1208,1169
0500000US48257,48257,"Kaufman County, Texas",5198,561,2255,352,40,80,245,268,373,287,695,352,609,424,0,288,293,330,2943,327,84,94,369,267,752,431,387,302,634,388,685,479,32,62
0500000US48303,48303,"Lubbock County, Texas",9399,643,4194,454,403,353,401,280,2440,642,629,377,143,144,178,127,0,288,5205,440,316,364,1208,584,978,627,1657,598,130,147,427,316,489,356
0500000US48309,48309,"McLennan County, Texas",17893,715,7506,647,520,467,719,340,3316,1036,2083,848,311,249,502,326,55,99,10387,287,611,299,1473,606,2704,988,3101,921,708,344,1084,530,706,430
0500000US48339,48339,"Montgomery County, Texas",9158,1142,4544,584,73,113,815,684,1304,918,1036,631,76,123,836,808,404,425,4614,851,326,245,321,266,1375,592,522,290,610,540,1058,708,402,302
0500000US48355,48355,"Nueces County, Texas",6876,433,2865,413,114,153,556,516,913,502,663,341,464,417,60,106,95,114,4011,527,158,194,299,212,561,387,1389,567,311,248,942,867,351,238
0500000US48375,48375,"Potter County, Texas",4876,294,1967,183,43,71,121,114,584,400,725,354,366,279,0,288,128,134,2909,291,0,288,1319,550,568,339,671,424,64,116,156,232,131,194
0500000US48423,48423,"Smith County, Texas",19909,566,8498,556,348,277,1069,533,3781,769,1906,734,555,274,604,338,235,250,11411,72,496,286,579,255,3709,848,3620,803,1080,509,1362,513,565,286
0500000US48439,48439,"Tarrant County, Texas",123573,1006,55597,806,1290,501,5311,1117,16963,2236,14555,2026,7345,1816,6447,1346,3686,1381,67976,561,1419,530,8619,1709,20235,2304,17336,2549,6283,1405,9452,1741,4632,1216
0500000US48441,48441,"Taylor County, Texas",4140,388,2003,373,26,47,540,367,571,318,447,267,250,219,169,174,0,288,2137,286,49,80,401,298,776,417,608,301,118,125,185,229,0,288
0500000US48453,48453,"Travis County, Texas",40402,1933,18763,847,601,339,2845,993,3813,966,5147,1084,1254,694,3359,1203,1744,752,21639,1251,511,380,2000,699,5740,986,5857,1547,2329,861,3814,1176,1388,540
0500000US48491,48491,"Williamson County, Texas",12140,918,6301,496,36,55,263,299,2004,974,1507,547,317,318,1821,889,353,267,5839,702,41,53,772,752,1161,514,2172,973,448,301,1098,822,147,182
0500000US49035,49035,"Salt Lake County, Utah",6098,657,3412,457,358,306,150,149,637,497,1537,664,44,77,629,428,57,102,2686,490,168,210,206,187,541,376,732,356,239,213,431,361,369,340
0500000US51003,51003,"Albemarle County, Virginia",5195,385,2233,272,174,181,277,197,844,386,196,240,48,84,449,313,245,242,2962,206,63,101,247,192,1044,449,502,376,42,79,681,581,383,344
0500000US51013,51013,"Arlington County, Virginia",11714,554,5440,320,182,230,388,240,871,545,2052,924,0,284,936,433,1011,504,6274,379,307,273,1094,545,1705,655,1473,767,236,220,934,450,525,447
0500000US51041,51041,"Chesterfield County, Virginia",32589,902,14850,666,276,264,1237,623,5965,1255,3385,1201,1088,538,2125,670,774,423,17739,551,181,176,1159,459,4365,1060,4844,960,1323,530,3151,963,2716,858
0500000US51059,51059,"Fairfax County, Virginia",56988,307,25998,224,358,391,866,457,4786,1257,6445,1260,1647,624,6114,1325,5782,1373,30990,255,1378,676,1571,630,7242,1612,7736,1743,2043,716,6276,1355,4744,1178
0500000US51085,51085,"Hanover County, Virginia",5656,827,2344,442,446,260,198,166,892,466,310,296,131,164,180,216,187,157,3312,441,290,252,645,440,753,451,949,561,231,199,385,269,59,89
0500000US51087,51087,"Henrico County, Virginia",46147,734,19643,439,561,279,2033,472,6014,1083,5546,1205,1356,695,2610,817,1523,596,26504,398,557,302,2798,666,7505,1287,6159,1247,2253,981,5363,1121,1869,755
0500000US51107,51107,"Loudoun County, Virginia",10074,731,5083,437,39,65,331,263,1880,771,366,368,117,196,1489,437,861,421,4991,443,247,240,375,305,1169,556,408,233,431,326,1649,956,712,486
0500000US51153,51153,"Prince William County, Virginia",37251,435,17809,93,195,239,863,580,4524,1141,4265,1196,3008,1112,2700,974,2254,864,19442,426,299,277,1554,725,5139,1226,5808,1339,1057,557,3634,1031,1951,932
0500000US51177,51177,"Spotsylvania County, Virginia",11029,942,5723,467,86,141,829,462,2270,956,1058,603,379,326,692,601,409,307,5306,946,409,433,450,327,1401,715,1156,734,484,506,887,649,519,379
0500000US51179,51179,"Stafford County, Virginia",10592,970,5195,636,29,47,386,300,1149,577,1389,735,141,131,820,459,1281,983,5397,569,169,129,173,136,1107,469,1506,542,358,325,1250,525,834,380
0500000US51510,51510,"Alexandria city, Virginia",20497,1796,9293,1023,176,153,1104,546,3200,915,2321,742,469,388,1460,766,563,380,11204,953,223,254,1412,698,2243,801,2699,1029,903,460,3004,1273,720,515
0500000US51550,51550,"Chesapeake city, Virginia",35868,1014,14647,1007,500,295,1879,781,3229,994,5156,1283,866,569,1763,692,1254,555,21221,106,1065,709,1449,562,5427,1181,5585,1202,1323,597,3258,928,3114,866
0500000US51650,51650,"Hampton city, Virginia",37661,598,16716,191,550,299,1560,723,4544,1094,5118,977,896,467,3267,976,781,495,20945,486,461,273,2677,936,4170,820,6222,1277,2019,768,3147,1016,2249,814
0500000US51680,51680,"Lynchburg city, Virginia",11006,1493,4404,891,571,447,1015,545,1419,564,543,379,161,213,555,406,140,182,6602,966,520,324,1235,484,2249,718,1771,773,446,443,266,254,115,136
0500000US51700,51700,"Newport News city, Virginia",40742,987,17586,517,328,352,1939,935,7723,1195,4449,1007,1315,538,1192,561,640,367,23156,844,950,479,3156,916,6842,1225,8079,1300,1472,617,1628,661,1029,454
0500000US51710,51710,"Norfolk city, Virginia",51285,725,21496,538,1399,640,4378,800,7049,1083,5303,928,1709,703,1439,683,219,164,29789,490,1715,594,5345,928,8040,1666,8381,1341,2099,744,3064,980,1145,581
0500000US51740,51740,"Portsmouth city, Virginia",29123,358,12276,340,898,461,2333,860,4650,1082,2031,648,621,417,1288,714,455,304,16847,94,734,390,2923,864,4719,1041,4258,1011,1737,763,1728,653,748,406
0500000US51760,51760,"Richmond city, Virginia",60869,740,24338,472,2094,698,5628,1044,8082,1382,4731,1480,835,475,2365,754,603,376,36531,441,2312,745,6440,1328,14282,1881,7700,1470,1117,512,3239,965,1441,598
0500000US51770,51770,"Roanoke city, Virginia",14615,622,5871,329,350,292,1003,488,2615,565,591,324,517,382,535,317,260,219,8744,524,269,283,1341,462,3330,796,1625,658,974,504,1090,484,115,143
0500000US51800,51800,"Suffolk city, Virginia",19323,715,8398,629,505,314,887,452,3124,768,1583,521,1331,661,695,357,273,214,10925,529,1007,426,1650,545,3687,773,2518,888,738,416,1138,531,187,162
0500000US51810,51810,"Virginia Beach city, Virginia",46826,1372,21508,820,411,262,1670,779,7279,1214,5981,1349,1868,819,2993,946,1306,687,25318,939,1315,495,1568,741,6122,1262,7813,1543,2645,885,3149,885,2706,820
0500000US53033,53033,"King County, Washington",61412,1622,31345,849,1485,730,4658,1524,8395,1510,6756,1438,2743,926,5773,1598,1535,661,30067,1308,787,431,3378,1319,8296,1857,10332,1991,3315,1147,2639,871,1320,663
0500000US53053,53053,"Pierce County, Washington",29146,742,15364,533,216,293,1049,582,3790,975,3630,1013,3744,1158,2203,1050,732,494,13782,485,288,207,1488,543,3992,815,4055,947,1887,701,1458,599,614,428
0500000US53061,53061,"Snohomish County, Washington",7674,1085,4840,745,0,268,284,332,1288,759,1093,663,724,514,1239,681,212,189,2834,697,304,334,88,155,595,491,974,399,345,250,397,287,131,121
0500000US54039,54039,"Kanawha County, West Virginia",9057,528,3985,360,330,305,219,239,1631,702,989,524,0,266,514,430,302,236,5072,409,56,73,338,205,1655,689,1677,832,517,475,628,555,201,167
0500000US55025,55025,"Dane County, Wisconsin",9168,610,4641,287,141,133,633,565,1513,710,1366,866,278,250,440,290,270,211,4527,551,258,286,1329,516,722,502,629,375,306,282,683,388,600,382
0500000US55079,55079,"Milwaukee County, Wisconsin",120876,1008,49827,857,3138,1188,6692,1259,16804,1949,13523,1719,3658,1600,4364,1249,1648,705,71049,717,3336,855,11495,1481,23298,2597,19874,2220,3990,1154,6567,1602,2489,780
0500000US55101,55101,"Racine County, Wisconsin",10427,829,4664,576,0,211,948,509,2331,650,942,536,53,89,241,225,149,165,5763,433,234,224,1285,571,1528,575,1959,591,442,281,315,240,0,211
